-- Data Generated using mockaroo

-- Organizations
INSERT INTO organizations (id, long_name, contact_email) VALUES ('84d34b8c-0d0a-4d2e-a430-b97f7e4bc75d', 'Test Organization One', 'example@helpwave.de');
INSERT INTO organizations (id, long_name, short_name, contact_email) VALUES ('960467b1-044b-41c2-9904-a4d6c2d01b77', 'Test Organization Two', 'Test Org 2', 'example2@helpwave.de');

-- Users
INSERT INTO users (email, pw_bcrypt, full_name, avatar_url) values ('admin@helpwave.de', '$2y$10$ZIx85OvaeqKWPjCP1LyGqul267XRI/EwKuMYHoPtUjPy.0B2jbhfu', 'Helpwave Admin', null); -- pw: admin
INSERT INTO users (email, pw_bcrypt, full_name, avatar_url) values ('vfitzhenry1@ycombinator.com', '$2y$10$VaofHb3oj2eKYH05LoJM1eAUCq.DHbH41yiRFA1JeW1cQ1706msx.', 'Vyky Fitzhenry', 'http://dummyimage.com/100x100.png/5fa2dd/ffffff');
INSERT INTO users (email, pw_bcrypt, full_name, avatar_url) values ('escottini2@google.cn', '$2y$10$GzfYvNr1UDUscPrD8JlEiOXe122X41DI0..V2PtmcI1qFfFZyhY92', 'Ewen Scottini', null);
INSERT INTO users (email, pw_bcrypt, full_name, avatar_url) values ('kcowpland4@devhub.com', '$2y$10$Jpt4T6FbKMGZc9Ow6XwqP.gFS5Z7hSEvMU35lJL9I5IqPYSq86Zyq', 'Kennett Cowpland', 'http://dummyimage.com/100x100.png/dddddd/000000');
INSERT INTO users (email, pw_bcrypt, full_name, avatar_url) values ('jkilpatrick5@godaddy.com', '$2y$10$B.ZkuO1hNnkSCW//MFCJj.nE5grJOQMpj4pmhoMtQQTaHhn6DGd1m', 'Jack Kilpatrick', 'http://dummyimage.com/100x100.png/cc0000/ffffff');

INSERT INTO global_roles (role, user_id) SELECT 'admin', u.id FROM users AS u WHERE u.email = 'admin@helpwave.de';

INSERT INTO organizations_have_users SELECT o.id AS organization_id, u.id AS user_id FROM organizations AS o, users AS u WHERE u.email = 'admin@helpwave.de' AND o.contact_email = 'example@helpwave.de';
INSERT INTO organizations_have_users SELECT o.id AS organization_id, u.id AS user_id FROM organizations AS o, users AS u WHERE u.email = 'admin@helpwave.de' AND o.contact_email = 'example2@helpwave.de';

INSERT INTO organizations_have_users SELECT o.id AS organization_id, u.id AS user_id FROM organizations AS o, users AS u WHERE u.email = 'vfitzhenry1@ycombinator.com' AND o.contact_email = 'example@helpwave.de';
INSERT INTO organizations_have_users SELECT o.id AS organization_id, u.id AS user_id FROM organizations AS o, users AS u WHERE u.email = 'escottini2@google.cn' AND o.contact_email = 'example@helpwave.de';
INSERT INTO organizations_have_users SELECT o.id AS organization_id, u.id AS user_id FROM organizations AS o, users AS u WHERE u.email = 'kcowpland4@devhub.com' AND o.contact_email = 'example2@helpwave.de';
INSERT INTO organizations_have_users SELECT o.id AS organization_id, u.id AS user_id FROM organizations AS o, users AS u WHERE u.email = 'jkilpatrick5@godaddy.com' AND o.contact_email = 'example2@helpwave.de';

-- Rooms
INSERT INTO emergency_rooms (name, location, displayable_address, is_open, organization_id) VALUES ('Mock Hospital One', point(34.238555, 117.196805), 'Mock Street 5, 123456 Cityname', true, '960467b1-044b-41c2-9904-a4d6c2d01b77');

INSERT INTO emergency_rooms (name, location, displayable_address, is_open, organization_id) VALUES ('Ephippiorhynchus mycteria', point(51.2092169, 35.2291386), '25304 Lakeland Circle', true, '84d34b8c-0d0a-4d2e-a430-b97f7e4bc75d');
INSERT INTO emergency_rooms (name, location, displayable_address, is_open, organization_id) VALUES ('Deroptyus accipitrinus', point(-7.3260543, 108.3655011), '39 Stephen Pass', true, '84d34b8c-0d0a-4d2e-a430-b97f7e4bc75d');
INSERT INTO emergency_rooms (name, location, displayable_address, is_open, organization_id) VALUES ('Ploceus intermedius', point(-6.8432007, 107.612654), '70569 Mcguire Avenue', true, '84d34b8c-0d0a-4d2e-a430-b97f7e4bc75d');
INSERT INTO emergency_rooms (name, location, displayable_address, is_open, organization_id) VALUES ('unavailable', point(51.8909212, 21.0863266), '8507 Bonner Crossing', true, '84d34b8c-0d0a-4d2e-a430-b97f7e4bc75d');
INSERT INTO emergency_rooms (name, location, displayable_address, is_open, organization_id) VALUES ('Neotoma sp.', point(55.7133263, 37.8049211), '2679 Mayer Drive', true, '84d34b8c-0d0a-4d2e-a430-b97f7e4bc75d');
INSERT INTO emergency_rooms (name, location, displayable_address, is_open, organization_id) VALUES ('Caiman crocodilus', point(-6.6858425, -36.6602483), '7649 Waxwing Hill', true, '84d34b8c-0d0a-4d2e-a430-b97f7e4bc75d');
INSERT INTO emergency_rooms (name, location, displayable_address, is_open, organization_id) VALUES ('Axis axis', point(34.1301599, -117.2690813), '90280 South Road', true, '84d34b8c-0d0a-4d2e-a430-b97f7e4bc75d');
INSERT INTO emergency_rooms (name, location, displayable_address, is_open, organization_id) VALUES ('Anas bahamensis', point(45.9559485, 14.3016556), '31 Dorton Drive', true, '84d34b8c-0d0a-4d2e-a430-b97f7e4bc75d');
INSERT INTO emergency_rooms (name, location, displayable_address, is_open, organization_id) VALUES ('Lophoaetus occipitalis', point(31.2660017, 70.8743691), '5 Buena Vista Road', true, '84d34b8c-0d0a-4d2e-a430-b97f7e4bc75d');
INSERT INTO emergency_rooms (name, location, displayable_address, is_open, organization_id) VALUES ('Salvadora hexalepis', point(33.765469, 113.994752), '40 Lakeland Street', false, '84d34b8c-0d0a-4d2e-a430-b97f7e4bc75d');
INSERT INTO emergency_rooms (name, location, displayable_address, is_open, organization_id) VALUES ('Myiarchus tuberculifer', point(48.2211075, 26.2712988), '40 Luster Drive', true, '84d34b8c-0d0a-4d2e-a430-b97f7e4bc75d');
INSERT INTO emergency_rooms (name, location, displayable_address, is_open, organization_id) VALUES ('Haliaeetus leucocephalus', point(22.454973, 89.9437755), '7169 Esch Park', true, '84d34b8c-0d0a-4d2e-a430-b97f7e4bc75d');
INSERT INTO emergency_rooms (name, location, displayable_address, is_open, organization_id) VALUES ('Colaptes campestroides', point(43.7633364, 26.6950125), '3 Talmadge Street', true, '84d34b8c-0d0a-4d2e-a430-b97f7e4bc75d');
INSERT INTO emergency_rooms (name, location, displayable_address, is_open, organization_id) VALUES ('Taurotagus oryx', point(57.42746, 15.08533), '76 Fairview Crossing', false, '84d34b8c-0d0a-4d2e-a430-b97f7e4bc75d');
INSERT INTO emergency_rooms (name, location, displayable_address, is_open, organization_id) VALUES ('Semnopithecus entellus', point(48.9763601, 17.4746428), '97228 Hoffman Place', true, '84d34b8c-0d0a-4d2e-a430-b97f7e4bc75d');
INSERT INTO emergency_rooms (name, location, displayable_address, is_open, organization_id) VALUES ('Equus hemionus', point(24.094765, 116.00509), '41 Reinke Circle', true, '84d34b8c-0d0a-4d2e-a430-b97f7e4bc75d');
INSERT INTO emergency_rooms (name, location, displayable_address, is_open, organization_id) VALUES ('Sciurus vulgaris', point(-7.3554007, -35.2258365), '8 Sherman Parkway', true, '84d34b8c-0d0a-4d2e-a430-b97f7e4bc75d');
INSERT INTO emergency_rooms (name, location, displayable_address, is_open, organization_id) VALUES ('Phascogale calura', point(56.6845023, 16.3327786), '21 Browning Circle', true, '84d34b8c-0d0a-4d2e-a430-b97f7e4bc75d');
INSERT INTO emergency_rooms (name, location, displayable_address, is_open, organization_id) VALUES ('Nyctereutes procyonoides', point(54.0077659, 16.0063249), '0250 Vermont Pass', true, '84d34b8c-0d0a-4d2e-a430-b97f7e4bc75d');
INSERT INTO emergency_rooms (name, location, displayable_address, is_open, organization_id) VALUES ('Ceratotherium simum', point(40.8875343, 19.5880506), '40 Carpenter Court', true, '84d34b8c-0d0a-4d2e-a430-b97f7e4bc75d');
INSERT INTO emergency_rooms (name, location, displayable_address, is_open, organization_id) VALUES ('Priodontes maximus', point(-1.5697615, 110.5215459), '94 Walton Parkway', true, '84d34b8c-0d0a-4d2e-a430-b97f7e4bc75d');
INSERT INTO emergency_rooms (name, location, displayable_address, is_open, organization_id) VALUES ('Limnocorax flavirostra', point(41.1279946, -7.9859629), '57026 Meadow Ridge Crossing', true, '84d34b8c-0d0a-4d2e-a430-b97f7e4bc75d');
INSERT INTO emergency_rooms (name, location, displayable_address, is_open, organization_id) VALUES ('Hystrix cristata', point(29.407391, 106.543713), '52420 Kingsford Hill', false, '84d34b8c-0d0a-4d2e-a430-b97f7e4bc75d');
INSERT INTO emergency_rooms (name, location, displayable_address, is_open, organization_id) VALUES ('Castor fiber', point(38.067932, 111.797083), '75907 Butterfield Court', true, '84d34b8c-0d0a-4d2e-a430-b97f7e4bc75d');
INSERT INTO emergency_rooms (name, location, displayable_address, is_open, organization_id) VALUES ('Manouria emys', point(34.0665041, 47.9762632), '5775 Meadow Ridge Trail', false, '84d34b8c-0d0a-4d2e-a430-b97f7e4bc75d');
INSERT INTO emergency_rooms (name, location, displayable_address, is_open, organization_id) VALUES ('Eutamias minimus', point(-18.4097245, -49.2162908), '05 Spaight Pass', true, '84d34b8c-0d0a-4d2e-a430-b97f7e4bc75d');
INSERT INTO emergency_rooms (name, location, displayable_address, is_open, organization_id) VALUES ('Cynictis penicillata', point(32.890479, 115.814504), '9766 Birchwood Crossing', true, '84d34b8c-0d0a-4d2e-a430-b97f7e4bc75d');
INSERT INTO emergency_rooms (name, location, displayable_address, is_open, organization_id) VALUES ('Amazona sp.', point(29.169486, 89.220664), '38 Parkside Pass', true, '84d34b8c-0d0a-4d2e-a430-b97f7e4bc75d');
INSERT INTO emergency_rooms (name, location, displayable_address, is_open, organization_id) VALUES ('Choloepus hoffmani', point(50.1383356, 14.6705894), '1746 Buhler Junction', true, '84d34b8c-0d0a-4d2e-a430-b97f7e4bc75d');
INSERT INTO emergency_rooms (name, location, displayable_address, is_open, organization_id) VALUES ('Butorides striatus', point(15.767975, 101.010223), '1470 Mariners Cove Hill', true, '84d34b8c-0d0a-4d2e-a430-b97f7e4bc75d');
INSERT INTO emergency_rooms (name, location, displayable_address, is_open, organization_id) VALUES ('Zalophus californicus', point(52.083111, 20.3863042), '94293 Vernon Drive', true, '84d34b8c-0d0a-4d2e-a430-b97f7e4bc75d');
INSERT INTO emergency_rooms (name, location, displayable_address, is_open, organization_id) VALUES ('Ardea golieth', point(29.8572576, 59.9739243), '58 Miller Place', true, '84d34b8c-0d0a-4d2e-a430-b97f7e4bc75d');
INSERT INTO emergency_rooms (name, location, displayable_address, is_open, organization_id) VALUES ('Felis silvestris lybica', point(48.5264861, 25.5701022), '34 Melby Place', true, '84d34b8c-0d0a-4d2e-a430-b97f7e4bc75d');
INSERT INTO emergency_rooms (name, location, displayable_address, is_open, organization_id) VALUES ('Cracticus nigroagularis', point(56.227929, 35.6372213), '0632 Almo Point', false, '84d34b8c-0d0a-4d2e-a430-b97f7e4bc75d');
INSERT INTO emergency_rooms (name, location, displayable_address, is_open, organization_id) VALUES ('Leptoptilos crumeniferus', point(-9.8232056, -77.6493992), '23106 Grim Way', true, '84d34b8c-0d0a-4d2e-a430-b97f7e4bc75d');
INSERT INTO emergency_rooms (name, location, displayable_address, is_open, organization_id) VALUES ('Tachybaptus ruficollis', point(52.3048562, 15.4108777), '70 Alpine Trail', true, '84d34b8c-0d0a-4d2e-a430-b97f7e4bc75d');
INSERT INTO emergency_rooms (name, location, displayable_address, is_open, organization_id) VALUES ('Columba livia', point(41.1588991, -8.0638522), '00679 Esker Parkway', true, '84d34b8c-0d0a-4d2e-a430-b97f7e4bc75d');
INSERT INTO emergency_rooms (name, location, displayable_address, is_open, organization_id) VALUES ('Milvus migrans', point(49.7938443, 36.0269813), '34 Bobwhite Place', true, '84d34b8c-0d0a-4d2e-a430-b97f7e4bc75d');
INSERT INTO emergency_rooms (name, location, displayable_address, is_open, organization_id) VALUES ('Eudromia elegans', point(68.7986342, 16.5414503), '02 Park Meadow Crossing', true, '84d34b8c-0d0a-4d2e-a430-b97f7e4bc75d');
INSERT INTO emergency_rooms (name, location, displayable_address, is_open, organization_id) VALUES ('Stercorarius longicausus', point(10.142762, -85.454983), '675 Dunning Terrace', true, '84d34b8c-0d0a-4d2e-a430-b97f7e4bc75d');
INSERT INTO emergency_rooms (name, location, displayable_address, is_open, organization_id) VALUES ('Dusicyon thous', point(43.6297603, 0.5815411), '67026 Texas Lane', true, '84d34b8c-0d0a-4d2e-a430-b97f7e4bc75d');
INSERT INTO emergency_rooms (name, location, displayable_address, is_open, organization_id) VALUES ('Trichosurus vulpecula', point(12.6679167, 123.9881642), '95 Thompson Avenue', true, '84d34b8c-0d0a-4d2e-a430-b97f7e4bc75d');
INSERT INTO emergency_rooms (name, location, displayable_address, is_open, organization_id) VALUES ('Ammospermophilus nelsoni', point(58.5642523, 12.0657604), '7 Spenser Alley', true, '84d34b8c-0d0a-4d2e-a430-b97f7e4bc75d');
INSERT INTO emergency_rooms (name, location, displayable_address, is_open, organization_id) VALUES ('Alopochen aegyptiacus', point(29.0654415, 120.2512222), '7 Marcy Alley', true, '84d34b8c-0d0a-4d2e-a430-b97f7e4bc75d');
INSERT INTO emergency_rooms (name, location, displayable_address, is_open, organization_id) VALUES ('Charadrius tricollaris', point(39.9831117, -75.1150466), '0 1st Parkway', true, '84d34b8c-0d0a-4d2e-a430-b97f7e4bc75d');
INSERT INTO emergency_rooms (name, location, displayable_address, is_open, organization_id) VALUES ('Arctogalidia trivirgata', point(43.6953508, 7.2559678), '748 Sutherland Place', true, '960467b1-044b-41c2-9904-a4d6c2d01b77');
INSERT INTO emergency_rooms (name, location, displayable_address, is_open, organization_id) VALUES ('Zosterops pallidus', point(15.3098074, 120.8551691), '729 Brown Plaza', true, '960467b1-044b-41c2-9904-a4d6c2d01b77');
INSERT INTO emergency_rooms (name, location, displayable_address, is_open, organization_id) VALUES ('Felis yagouaroundi', point(-2.0669719, 101.39186), '5112 Green Pass', true, '960467b1-044b-41c2-9904-a4d6c2d01b77');
INSERT INTO emergency_rooms (name, location, displayable_address, is_open, organization_id) VALUES ('Bucephala clangula', point(44.3338201, 85.6264576), '19405 Londonderry Point', false, '960467b1-044b-41c2-9904-a4d6c2d01b77');
INSERT INTO emergency_rooms (name, location, displayable_address, is_open, organization_id) VALUES ('Pseudalopex gymnocercus', point(39.553172, 98.981746), '818 Hazelcrest Avenue', true, '960467b1-044b-41c2-9904-a4d6c2d01b77');
INSERT INTO emergency_rooms (name, location, displayable_address, is_open, organization_id) VALUES ('Phasianus colchicus', point(6.9433577, -70.7168469), '5675 Heffernan Terrace', true, '960467b1-044b-41c2-9904-a4d6c2d01b77');
INSERT INTO emergency_rooms (name, location, displayable_address, is_open, organization_id) VALUES ('Morelia spilotes variegata', point(9.7986027, 38.4271461), '6 Lakewood Gardens Junction', true, '960467b1-044b-41c2-9904-a4d6c2d01b77');
INSERT INTO emergency_rooms (name, location, displayable_address, is_open, organization_id) VALUES ('Ovibos moschatus', point(-7.5888579, 108.2674092), '8 Mariners Cove Street', true, '960467b1-044b-41c2-9904-a4d6c2d01b77');
INSERT INTO emergency_rooms (name, location, displayable_address, is_open, organization_id) VALUES ('Buteo galapagoensis', point(52.2183563, 35.2154784), '13050 Westerfield Center', true, '960467b1-044b-41c2-9904-a4d6c2d01b77');
INSERT INTO emergency_rooms (name, location, displayable_address, is_open, organization_id) VALUES ('Canis mesomelas', point(28.5091355, 34.5136344), '16 East Drive', true, '960467b1-044b-41c2-9904-a4d6c2d01b77');
INSERT INTO emergency_rooms (name, location, displayable_address, is_open, organization_id) VALUES ('Anthropoides paradisea', point(46.068811, 6.568907), '607 Sachs Court', true, '960467b1-044b-41c2-9904-a4d6c2d01b77');
INSERT INTO emergency_rooms (name, location, displayable_address, is_open, organization_id) VALUES ('Sylvicapra grimma', point(15.0541658, -91.229784), '35 Quincy Court', true, '960467b1-044b-41c2-9904-a4d6c2d01b77');
INSERT INTO emergency_rooms (name, location, displayable_address, is_open, organization_id) VALUES ('Bettongia penicillata', point(45.4514411, 18.6589341), '145 Mallard Crossing', true, '960467b1-044b-41c2-9904-a4d6c2d01b77');
INSERT INTO emergency_rooms (name, location, displayable_address, is_open, organization_id) VALUES ('Sylvilagus floridanus', point(-10.22485, 120.548897), '31 Fallview Crossing', true, '960467b1-044b-41c2-9904-a4d6c2d01b77');
INSERT INTO emergency_rooms (name, location, displayable_address, is_open, organization_id) VALUES ('Lamprotornis chalybaeus', point(58.9919268, 16.2203271), '7 International Drive', true, '960467b1-044b-41c2-9904-a4d6c2d01b77');
INSERT INTO emergency_rooms (name, location, displayable_address, is_open, organization_id) VALUES ('Haematopus ater', point(32.460037, 112.228897), '6 Arrowood Plaza', true, '960467b1-044b-41c2-9904-a4d6c2d01b77');
INSERT INTO emergency_rooms (name, location, displayable_address, is_open, organization_id) VALUES ('Procyon lotor', point(43.4650355, 24.8715019), '07764 New Castle Drive', true, '960467b1-044b-41c2-9904-a4d6c2d01b77');
INSERT INTO emergency_rooms (name, location, displayable_address, is_open, organization_id) VALUES ('Turtur chalcospilos', point(54.026345, -7.297914), '88254 Summer Ridge Street', true, '960467b1-044b-41c2-9904-a4d6c2d01b77');
INSERT INTO emergency_rooms (name, location, displayable_address, is_open, organization_id) VALUES ('Tursiops truncatus', point(11.1054336, 42.3704744), '9 Oakridge Drive', true, '960467b1-044b-41c2-9904-a4d6c2d01b77');
INSERT INTO emergency_rooms (name, location, displayable_address, is_open, organization_id) VALUES ('Eudyptula minor', point(36.85608, 81.660646), '2522 John Wall Parkway', true, '960467b1-044b-41c2-9904-a4d6c2d01b77');
INSERT INTO emergency_rooms (name, location, displayable_address, is_open, organization_id) VALUES ('Bos taurus', point(-2.9083521, 29.8265492), '358 Cottonwood Crossing', true, '960467b1-044b-41c2-9904-a4d6c2d01b77');
INSERT INTO emergency_rooms (name, location, displayable_address, is_open, organization_id) VALUES ('Hippotragus equinus', point(30.9457638, 121.4371451), '6118 Kinsman Crossing', true, '960467b1-044b-41c2-9904-a4d6c2d01b77');
INSERT INTO emergency_rooms (name, location, displayable_address, is_open, organization_id) VALUES ('Snycerus caffer', point(9.9010414, -83.9977527), '2 Eggendart Drive', true, '960467b1-044b-41c2-9904-a4d6c2d01b77');
INSERT INTO emergency_rooms (name, location, displayable_address, is_open, organization_id) VALUES ('Lorythaixoides concolor', point(29.858629, 117.6134553), '471 Di Loreto Lane', false, '960467b1-044b-41c2-9904-a4d6c2d01b77');
INSERT INTO emergency_rooms (name, location, displayable_address, is_open, organization_id) VALUES ('Lasiorhinus latifrons', point(-6.7216825, 111.1995479), '828 Arrowood Way', true, '960467b1-044b-41c2-9904-a4d6c2d01b77');
INSERT INTO emergency_rooms (name, location, displayable_address, is_open, organization_id) VALUES ('Cervus duvauceli', point(53.701556, 91.680719), '02 Mayer Point', true, '960467b1-044b-41c2-9904-a4d6c2d01b77');
INSERT INTO emergency_rooms (name, location, displayable_address, is_open, organization_id) VALUES ('Diomedea irrorata', point(53.1986, 23.20779), '73 Crownhardt Drive', true, '960467b1-044b-41c2-9904-a4d6c2d01b77');
INSERT INTO emergency_rooms (name, location, displayable_address, is_open, organization_id) VALUES ('Ictalurus furcatus', point(14.437059, 120.989883), '30686 Kings Circle', true, '960467b1-044b-41c2-9904-a4d6c2d01b77');
INSERT INTO emergency_rooms (name, location, displayable_address, is_open, organization_id) VALUES ('Drymarchon corias couperi', point(53.9096, 37.736), '6397 Tennyson Place', true, '960467b1-044b-41c2-9904-a4d6c2d01b77');
INSERT INTO emergency_rooms (name, location, displayable_address, is_open, organization_id) VALUES ('Erethizon dorsatum', point(14.5699334, 121.0204582), '7762 Jay Circle', true, '960467b1-044b-41c2-9904-a4d6c2d01b77');
INSERT INTO emergency_rooms (name, location, displayable_address, is_open, organization_id) VALUES ('Toxostoma curvirostre', point(35.580996, 116.986503), '225 Golden Leaf Hill', true, '960467b1-044b-41c2-9904-a4d6c2d01b77');
INSERT INTO emergency_rooms (name, location, displayable_address, is_open, organization_id) VALUES ('Felis concolor', point(48.9776332, 34.9908882), '6 Bonner Lane', true, '960467b1-044b-41c2-9904-a4d6c2d01b77');
INSERT INTO emergency_rooms (name, location, displayable_address, is_open, organization_id) VALUES ('Gymnorhina tibicen', point(-2.3286839, -79.4056784), '73408 Warner Point', true, '960467b1-044b-41c2-9904-a4d6c2d01b77');
INSERT INTO emergency_rooms (name, location, displayable_address, is_open, organization_id) VALUES ('Tockus flavirostris', point(45.8585463, 39.6551933), '68 Continental Street', true, '960467b1-044b-41c2-9904-a4d6c2d01b77');
INSERT INTO emergency_rooms (name, location, displayable_address, is_open, organization_id) VALUES ('Ramphastos tucanus', point(-10.8064536, -37.1901616), '2 Shopko Alley', true, '960467b1-044b-41c2-9904-a4d6c2d01b77');
INSERT INTO emergency_rooms (name, location, displayable_address, is_open, organization_id) VALUES ('Phalacrocorax carbo', point(41.6, -93.61), '0106 Mcbride Street', true, '960467b1-044b-41c2-9904-a4d6c2d01b77');
INSERT INTO emergency_rooms (name, location, displayable_address, is_open, organization_id) VALUES ('Streptopelia senegalensis', point(22.9290295, -82.3912892), '0296 Dixon Pass', true, '960467b1-044b-41c2-9904-a4d6c2d01b77');
INSERT INTO emergency_rooms (name, location, displayable_address, is_open, organization_id) VALUES ('Acrobates pygmaeus', point(39.6208162, -8.6563967), '3 Division Avenue', true, '960467b1-044b-41c2-9904-a4d6c2d01b77');
INSERT INTO emergency_rooms (name, location, displayable_address, is_open, organization_id) VALUES ('Phalacrocorax brasilianus', point(51.5320956, 17.9737831), '9 Buena Vista Point', true, '960467b1-044b-41c2-9904-a4d6c2d01b77');
INSERT INTO emergency_rooms (name, location, displayable_address, is_open, organization_id) VALUES ('Plegadis falcinellus', point(32.323256, 105.96282), '1964 Manufacturers Plaza', true, '960467b1-044b-41c2-9904-a4d6c2d01b77');
INSERT INTO emergency_rooms (name, location, displayable_address, is_open, organization_id) VALUES ('Coluber constrictor', point(-7.9675496, 110.3368391), '8019 Farmco Drive', true, '960467b1-044b-41c2-9904-a4d6c2d01b77');
INSERT INTO emergency_rooms (name, location, displayable_address, is_open, organization_id) VALUES ('Crotalus cerastes', point(-26.9165792, -49.0717331), '44788 Heath Trail', true, '960467b1-044b-41c2-9904-a4d6c2d01b77');
INSERT INTO emergency_rooms (name, location, displayable_address, is_open, organization_id) VALUES ('Orcinus orca', point(45.477613, 124.47553), '72 Meadow Vale Avenue', true, '960467b1-044b-41c2-9904-a4d6c2d01b77');

-- Departments

INSERT INTO departments (name) VALUES ('CT');
INSERT INTO departments (name) VALUES ('Neurosurgery');
INSERT INTO departments (name) VALUES ('Trauma Care');

INSERT INTO departments (name) VALUES ('Stronghold');
INSERT INTO departments (name) VALUES ('Konklab');
INSERT INTO departments (name) VALUES ('Y-find');
INSERT INTO departments (name) VALUES ('Stringtough');
INSERT INTO departments (name) VALUES ('Prodder');
INSERT INTO departments (name) VALUES ('Lotstring');
INSERT INTO departments (name) VALUES ('Bigtax');
INSERT INTO departments (name) VALUES ('Hatity');
INSERT INTO departments (name) VALUES ('Quo Lux');
INSERT INTO departments (name) VALUES ('Job');
INSERT INTO departments (name) VALUES ('Tempsoft');
INSERT INTO departments (name) VALUES ('Regrant');
INSERT INTO departments (name) VALUES ('Sonsing');
INSERT INTO departments (name) VALUES ('Cardify');
INSERT INTO departments (name) VALUES ('Wrapsafe');
INSERT INTO departments (name) VALUES ('Keylex');
INSERT INTO departments (name) VALUES ('Veribet');
INSERT INTO departments (name) VALUES ('Opela');
INSERT INTO departments (name) VALUES ('Biodex');
INSERT INTO departments (name) VALUES ('Stim');
INSERT INTO departments (name) VALUES ('Zontrax');
INSERT INTO departments (name) VALUES ('Asoka');
INSERT INTO departments (name) VALUES ('Subin');
INSERT INTO departments (name) VALUES ('Transcof');
INSERT INTO departments (name) VALUES ('Pannier');
INSERT INTO departments (name) VALUES ('Greenlam');
INSERT INTO departments (name) VALUES ('Home Ing');
INSERT INTO departments (name) VALUES ('Rank');
INSERT INTO departments (name) VALUES ('Andalax');
INSERT INTO departments (name) VALUES ('Vagram');
INSERT INTO departments (name) VALUES ('Fixflex');
INSERT INTO departments (name) VALUES ('Tampflex');
INSERT INTO departments (name) VALUES ('Voltsillam');
INSERT INTO departments (name) VALUES ('Span');
INSERT INTO departments (name) VALUES ('Kanlam');
INSERT INTO departments (name) VALUES ('Namfix');
INSERT INTO departments (name) VALUES ('Alpha');
INSERT INTO departments (name) VALUES ('Zaam-Dox');
INSERT INTO departments (name) VALUES ('Bamity');

-- Many to many
-- each room has 1 to 3 departments
INSERT INTO rooms_have_departments SELECT r.id AS emergency_room_id, d.id AS department_id FROM emergency_rooms AS r, departments AS d WHERE r.name = 'Ephippiorhynchus mycteria' AND d.name = 'Transcof';
INSERT INTO rooms_have_departments SELECT r.id AS emergency_room_id, d.id AS department_id FROM emergency_rooms AS r, departments AS d WHERE r.name = 'Ephippiorhynchus mycteria' AND d.name = 'Konklab';
INSERT INTO rooms_have_departments SELECT r.id AS emergency_room_id, d.id AS department_id FROM emergency_rooms AS r, departments AS d WHERE r.name = 'Ephippiorhynchus mycteria' AND d.name = 'Lotstring';
INSERT INTO rooms_have_departments SELECT r.id AS emergency_room_id, d.id AS department_id FROM emergency_rooms AS r, departments AS d WHERE r.name = 'Deroptyus accipitrinus' AND d.name = 'Bigtax';
INSERT INTO rooms_have_departments SELECT r.id AS emergency_room_id, d.id AS department_id FROM emergency_rooms AS r, departments AS d WHERE r.name = 'Deroptyus accipitrinus' AND d.name = 'Keylex';
INSERT INTO rooms_have_departments SELECT r.id AS emergency_room_id, d.id AS department_id FROM emergency_rooms AS r, departments AS d WHERE r.name = 'Ploceus intermedius' AND d.name = 'Zontrax';
INSERT INTO rooms_have_departments SELECT r.id AS emergency_room_id, d.id AS department_id FROM emergency_rooms AS r, departments AS d WHERE r.name = 'unavailable' AND d.name = 'Vagram';
INSERT INTO rooms_have_departments SELECT r.id AS emergency_room_id, d.id AS department_id FROM emergency_rooms AS r, departments AS d WHERE r.name = 'unavailable' AND d.name = 'Tampflex';
INSERT INTO rooms_have_departments SELECT r.id AS emergency_room_id, d.id AS department_id FROM emergency_rooms AS r, departments AS d WHERE r.name = 'unavailable' AND d.name = 'Trauma Care';
INSERT INTO rooms_have_departments SELECT r.id AS emergency_room_id, d.id AS department_id FROM emergency_rooms AS r, departments AS d WHERE r.name = 'Neotoma sp.' AND d.name = 'Stronghold';
INSERT INTO rooms_have_departments SELECT r.id AS emergency_room_id, d.id AS department_id FROM emergency_rooms AS r, departments AS d WHERE r.name = 'Caiman crocodilus' AND d.name = 'Hatity';
INSERT INTO rooms_have_departments SELECT r.id AS emergency_room_id, d.id AS department_id FROM emergency_rooms AS r, departments AS d WHERE r.name = 'Caiman crocodilus' AND d.name = 'Cardify';
INSERT INTO rooms_have_departments SELECT r.id AS emergency_room_id, d.id AS department_id FROM emergency_rooms AS r, departments AS d WHERE r.name = 'Caiman crocodilus' AND d.name = 'Biodex';
INSERT INTO rooms_have_departments SELECT r.id AS emergency_room_id, d.id AS department_id FROM emergency_rooms AS r, departments AS d WHERE r.name = 'Axis axis' AND d.name = 'Zaam-Dox';
INSERT INTO rooms_have_departments SELECT r.id AS emergency_room_id, d.id AS department_id FROM emergency_rooms AS r, departments AS d WHERE r.name = 'Anas bahamensis' AND d.name = 'Keylex';
INSERT INTO rooms_have_departments SELECT r.id AS emergency_room_id, d.id AS department_id FROM emergency_rooms AS r, departments AS d WHERE r.name = 'Anas bahamensis' AND d.name = 'Opela';
INSERT INTO rooms_have_departments SELECT r.id AS emergency_room_id, d.id AS department_id FROM emergency_rooms AS r, departments AS d WHERE r.name = 'Lophoaetus occipitalis' AND d.name = 'Asoka';
INSERT INTO rooms_have_departments SELECT r.id AS emergency_room_id, d.id AS department_id FROM emergency_rooms AS r, departments AS d WHERE r.name = 'Lophoaetus occipitalis' AND d.name = 'Kanlam';
INSERT INTO rooms_have_departments SELECT r.id AS emergency_room_id, d.id AS department_id FROM emergency_rooms AS r, departments AS d WHERE r.name = 'Lophoaetus occipitalis' AND d.name = 'Biodex';
INSERT INTO rooms_have_departments SELECT r.id AS emergency_room_id, d.id AS department_id FROM emergency_rooms AS r, departments AS d WHERE r.name = 'Salvadora hexalepis' AND d.name = 'Sonsing';
INSERT INTO rooms_have_departments SELECT r.id AS emergency_room_id, d.id AS department_id FROM emergency_rooms AS r, departments AS d WHERE r.name = 'Salvadora hexalepis' AND d.name = 'Bamity';
INSERT INTO rooms_have_departments SELECT r.id AS emergency_room_id, d.id AS department_id FROM emergency_rooms AS r, departments AS d WHERE r.name = 'Myiarchus tuberculifer' AND d.name = 'Zaam-Dox';
INSERT INTO rooms_have_departments SELECT r.id AS emergency_room_id, d.id AS department_id FROM emergency_rooms AS r, departments AS d WHERE r.name = 'Haliaeetus leucocephalus' AND d.name = 'Opela';
INSERT INTO rooms_have_departments SELECT r.id AS emergency_room_id, d.id AS department_id FROM emergency_rooms AS r, departments AS d WHERE r.name = 'Haliaeetus leucocephalus' AND d.name = 'Voltsillam';
INSERT INTO rooms_have_departments SELECT r.id AS emergency_room_id, d.id AS department_id FROM emergency_rooms AS r, departments AS d WHERE r.name = 'Haliaeetus leucocephalus' AND d.name = 'Stronghold';
INSERT INTO rooms_have_departments SELECT r.id AS emergency_room_id, d.id AS department_id FROM emergency_rooms AS r, departments AS d WHERE r.name = 'Colaptes campestroides' AND d.name = 'Namfix';
INSERT INTO rooms_have_departments SELECT r.id AS emergency_room_id, d.id AS department_id FROM emergency_rooms AS r, departments AS d WHERE r.name = 'Colaptes campestroides' AND d.name = 'Andalax';
INSERT INTO rooms_have_departments SELECT r.id AS emergency_room_id, d.id AS department_id FROM emergency_rooms AS r, departments AS d WHERE r.name = 'Colaptes campestroides' AND d.name = 'Bamity';
INSERT INTO rooms_have_departments SELECT r.id AS emergency_room_id, d.id AS department_id FROM emergency_rooms AS r, departments AS d WHERE r.name = 'Taurotagus oryx' AND d.name = 'Wrapsafe';
INSERT INTO rooms_have_departments SELECT r.id AS emergency_room_id, d.id AS department_id FROM emergency_rooms AS r, departments AS d WHERE r.name = 'Taurotagus oryx' AND d.name = 'Job';
INSERT INTO rooms_have_departments SELECT r.id AS emergency_room_id, d.id AS department_id FROM emergency_rooms AS r, departments AS d WHERE r.name = 'Taurotagus oryx' AND d.name = 'Zaam-Dox';
INSERT INTO rooms_have_departments SELECT r.id AS emergency_room_id, d.id AS department_id FROM emergency_rooms AS r, departments AS d WHERE r.name = 'Semnopithecus entellus' AND d.name = 'Bamity';
INSERT INTO rooms_have_departments SELECT r.id AS emergency_room_id, d.id AS department_id FROM emergency_rooms AS r, departments AS d WHERE r.name = 'Semnopithecus entellus' AND d.name = 'Konklab';
INSERT INTO rooms_have_departments SELECT r.id AS emergency_room_id, d.id AS department_id FROM emergency_rooms AS r, departments AS d WHERE r.name = 'Semnopithecus entellus' AND d.name = 'Neurosurgery';
INSERT INTO rooms_have_departments SELECT r.id AS emergency_room_id, d.id AS department_id FROM emergency_rooms AS r, departments AS d WHERE r.name = 'Equus hemionus' AND d.name = 'Bamity';
INSERT INTO rooms_have_departments SELECT r.id AS emergency_room_id, d.id AS department_id FROM emergency_rooms AS r, departments AS d WHERE r.name = 'Equus hemionus' AND d.name = 'Alpha';
INSERT INTO rooms_have_departments SELECT r.id AS emergency_room_id, d.id AS department_id FROM emergency_rooms AS r, departments AS d WHERE r.name = 'Equus hemionus' AND d.name = 'Zontrax';
INSERT INTO rooms_have_departments SELECT r.id AS emergency_room_id, d.id AS department_id FROM emergency_rooms AS r, departments AS d WHERE r.name = 'Sciurus vulgaris' AND d.name = 'Quo Lux';
INSERT INTO rooms_have_departments SELECT r.id AS emergency_room_id, d.id AS department_id FROM emergency_rooms AS r, departments AS d WHERE r.name = 'Sciurus vulgaris' AND d.name = 'Hatity';
INSERT INTO rooms_have_departments SELECT r.id AS emergency_room_id, d.id AS department_id FROM emergency_rooms AS r, departments AS d WHERE r.name = 'Phascogale calura' AND d.name = 'Lotstring';
INSERT INTO rooms_have_departments SELECT r.id AS emergency_room_id, d.id AS department_id FROM emergency_rooms AS r, departments AS d WHERE r.name = 'Nyctereutes procyonoides' AND d.name = 'Namfix';
INSERT INTO rooms_have_departments SELECT r.id AS emergency_room_id, d.id AS department_id FROM emergency_rooms AS r, departments AS d WHERE r.name = 'Nyctereutes procyonoides' AND d.name = 'Andalax';
INSERT INTO rooms_have_departments SELECT r.id AS emergency_room_id, d.id AS department_id FROM emergency_rooms AS r, departments AS d WHERE r.name = 'Ceratotherium simum' AND d.name = 'Fixflex';
INSERT INTO rooms_have_departments SELECT r.id AS emergency_room_id, d.id AS department_id FROM emergency_rooms AS r, departments AS d WHERE r.name = 'Ceratotherium simum' AND d.name = 'Namfix';
INSERT INTO rooms_have_departments SELECT r.id AS emergency_room_id, d.id AS department_id FROM emergency_rooms AS r, departments AS d WHERE r.name = 'Priodontes maximus' AND d.name = 'Quo Lux';
INSERT INTO rooms_have_departments SELECT r.id AS emergency_room_id, d.id AS department_id FROM emergency_rooms AS r, departments AS d WHERE r.name = 'Limnocorax flavirostra' AND d.name = 'CT';
INSERT INTO rooms_have_departments SELECT r.id AS emergency_room_id, d.id AS department_id FROM emergency_rooms AS r, departments AS d WHERE r.name = 'Limnocorax flavirostra' AND d.name = 'Tempsoft';
INSERT INTO rooms_have_departments SELECT r.id AS emergency_room_id, d.id AS department_id FROM emergency_rooms AS r, departments AS d WHERE r.name = 'Hystrix cristata' AND d.name = 'Neurosurgery';
INSERT INTO rooms_have_departments SELECT r.id AS emergency_room_id, d.id AS department_id FROM emergency_rooms AS r, departments AS d WHERE r.name = 'Hystrix cristata' AND d.name = 'Home Ing';
INSERT INTO rooms_have_departments SELECT r.id AS emergency_room_id, d.id AS department_id FROM emergency_rooms AS r, departments AS d WHERE r.name = 'Castor fiber' AND d.name = 'Stronghold';
INSERT INTO rooms_have_departments SELECT r.id AS emergency_room_id, d.id AS department_id FROM emergency_rooms AS r, departments AS d WHERE r.name = 'Castor fiber' AND d.name = 'Transcof';
INSERT INTO rooms_have_departments SELECT r.id AS emergency_room_id, d.id AS department_id FROM emergency_rooms AS r, departments AS d WHERE r.name = 'Manouria emys' AND d.name = 'Regrant';
INSERT INTO rooms_have_departments SELECT r.id AS emergency_room_id, d.id AS department_id FROM emergency_rooms AS r, departments AS d WHERE r.name = 'Manouria emys' AND d.name = 'Y-find';
INSERT INTO rooms_have_departments SELECT r.id AS emergency_room_id, d.id AS department_id FROM emergency_rooms AS r, departments AS d WHERE r.name = 'Eutamias minimus' AND d.name = 'Greenlam';
INSERT INTO rooms_have_departments SELECT r.id AS emergency_room_id, d.id AS department_id FROM emergency_rooms AS r, departments AS d WHERE r.name = 'Eutamias minimus' AND d.name = 'Trauma Care';
INSERT INTO rooms_have_departments SELECT r.id AS emergency_room_id, d.id AS department_id FROM emergency_rooms AS r, departments AS d WHERE r.name = 'Eutamias minimus' AND d.name = 'Opela';
INSERT INTO rooms_have_departments SELECT r.id AS emergency_room_id, d.id AS department_id FROM emergency_rooms AS r, departments AS d WHERE r.name = 'Cynictis penicillata' AND d.name = 'Neurosurgery';
INSERT INTO rooms_have_departments SELECT r.id AS emergency_room_id, d.id AS department_id FROM emergency_rooms AS r, departments AS d WHERE r.name = 'Cynictis penicillata' AND d.name = 'undefined';
INSERT INTO rooms_have_departments SELECT r.id AS emergency_room_id, d.id AS department_id FROM emergency_rooms AS r, departments AS d WHERE r.name = 'Amazona sp.' AND d.name = 'Tempsoft';
INSERT INTO rooms_have_departments SELECT r.id AS emergency_room_id, d.id AS department_id FROM emergency_rooms AS r, departments AS d WHERE r.name = 'Amazona sp.' AND d.name = 'Opela';
INSERT INTO rooms_have_departments SELECT r.id AS emergency_room_id, d.id AS department_id FROM emergency_rooms AS r, departments AS d WHERE r.name = 'Choloepus hoffmani' AND d.name = 'Stringtough';
INSERT INTO rooms_have_departments SELECT r.id AS emergency_room_id, d.id AS department_id FROM emergency_rooms AS r, departments AS d WHERE r.name = 'Choloepus hoffmani' AND d.name = 'Konklab';
INSERT INTO rooms_have_departments SELECT r.id AS emergency_room_id, d.id AS department_id FROM emergency_rooms AS r, departments AS d WHERE r.name = 'Butorides striatus' AND d.name = 'Wrapsafe';
INSERT INTO rooms_have_departments SELECT r.id AS emergency_room_id, d.id AS department_id FROM emergency_rooms AS r, departments AS d WHERE r.name = 'Butorides striatus' AND d.name = 'Keylex';
INSERT INTO rooms_have_departments SELECT r.id AS emergency_room_id, d.id AS department_id FROM emergency_rooms AS r, departments AS d WHERE r.name = 'Zalophus californicus' AND d.name = 'Asoka';
INSERT INTO rooms_have_departments SELECT r.id AS emergency_room_id, d.id AS department_id FROM emergency_rooms AS r, departments AS d WHERE r.name = 'Zalophus californicus' AND d.name = 'Wrapsafe';
INSERT INTO rooms_have_departments SELECT r.id AS emergency_room_id, d.id AS department_id FROM emergency_rooms AS r, departments AS d WHERE r.name = 'Ardea golieth' AND d.name = 'Voltsillam';
INSERT INTO rooms_have_departments SELECT r.id AS emergency_room_id, d.id AS department_id FROM emergency_rooms AS r, departments AS d WHERE r.name = 'Ardea golieth' AND d.name = 'Cardify';
INSERT INTO rooms_have_departments SELECT r.id AS emergency_room_id, d.id AS department_id FROM emergency_rooms AS r, departments AS d WHERE r.name = 'Felis silvestris lybica' AND d.name = 'Fixflex';
INSERT INTO rooms_have_departments SELECT r.id AS emergency_room_id, d.id AS department_id FROM emergency_rooms AS r, departments AS d WHERE r.name = 'Felis silvestris lybica' AND d.name = 'Sonsing';
INSERT INTO rooms_have_departments SELECT r.id AS emergency_room_id, d.id AS department_id FROM emergency_rooms AS r, departments AS d WHERE r.name = 'Cracticus nigroagularis' AND d.name = 'Trauma Care';
INSERT INTO rooms_have_departments SELECT r.id AS emergency_room_id, d.id AS department_id FROM emergency_rooms AS r, departments AS d WHERE r.name = 'Cracticus nigroagularis' AND d.name = 'Voltsillam';
INSERT INTO rooms_have_departments SELECT r.id AS emergency_room_id, d.id AS department_id FROM emergency_rooms AS r, departments AS d WHERE r.name = 'Cracticus nigroagularis' AND d.name = 'Tampflex';
INSERT INTO rooms_have_departments SELECT r.id AS emergency_room_id, d.id AS department_id FROM emergency_rooms AS r, departments AS d WHERE r.name = 'Leptoptilos crumeniferus' AND d.name = 'Regrant';
INSERT INTO rooms_have_departments SELECT r.id AS emergency_room_id, d.id AS department_id FROM emergency_rooms AS r, departments AS d WHERE r.name = 'Leptoptilos crumeniferus' AND d.name = 'Veribet';
INSERT INTO rooms_have_departments SELECT r.id AS emergency_room_id, d.id AS department_id FROM emergency_rooms AS r, departments AS d WHERE r.name = 'Tachybaptus ruficollis' AND d.name = 'Zaam-Dox';
INSERT INTO rooms_have_departments SELECT r.id AS emergency_room_id, d.id AS department_id FROM emergency_rooms AS r, departments AS d WHERE r.name = 'Columba livia' AND d.name = 'Tampflex';
INSERT INTO rooms_have_departments SELECT r.id AS emergency_room_id, d.id AS department_id FROM emergency_rooms AS r, departments AS d WHERE r.name = 'Milvus migrans' AND d.name = 'Fixflex';
INSERT INTO rooms_have_departments SELECT r.id AS emergency_room_id, d.id AS department_id FROM emergency_rooms AS r, departments AS d WHERE r.name = 'Milvus migrans' AND d.name = 'Biodex';
INSERT INTO rooms_have_departments SELECT r.id AS emergency_room_id, d.id AS department_id FROM emergency_rooms AS r, departments AS d WHERE r.name = 'Eudromia elegans' AND d.name = 'Span';
INSERT INTO rooms_have_departments SELECT r.id AS emergency_room_id, d.id AS department_id FROM emergency_rooms AS r, departments AS d WHERE r.name = 'Eudromia elegans' AND d.name = 'Tampflex';
INSERT INTO rooms_have_departments SELECT r.id AS emergency_room_id, d.id AS department_id FROM emergency_rooms AS r, departments AS d WHERE r.name = 'Stercorarius longicausus' AND d.name = 'Trauma Care';
INSERT INTO rooms_have_departments SELECT r.id AS emergency_room_id, d.id AS department_id FROM emergency_rooms AS r, departments AS d WHERE r.name = 'Stercorarius longicausus' AND d.name = 'Rank';
INSERT INTO rooms_have_departments SELECT r.id AS emergency_room_id, d.id AS department_id FROM emergency_rooms AS r, departments AS d WHERE r.name = 'Dusicyon thous' AND d.name = 'Voltsillam';
INSERT INTO rooms_have_departments SELECT r.id AS emergency_room_id, d.id AS department_id FROM emergency_rooms AS r, departments AS d WHERE r.name = 'Dusicyon thous' AND d.name = 'Home Ing';
INSERT INTO rooms_have_departments SELECT r.id AS emergency_room_id, d.id AS department_id FROM emergency_rooms AS r, departments AS d WHERE r.name = 'Trichosurus vulpecula' AND d.name = 'Y-find';
INSERT INTO rooms_have_departments SELECT r.id AS emergency_room_id, d.id AS department_id FROM emergency_rooms AS r, departments AS d WHERE r.name = 'Trichosurus vulpecula' AND d.name = 'Keylex';
INSERT INTO rooms_have_departments SELECT r.id AS emergency_room_id, d.id AS department_id FROM emergency_rooms AS r, departments AS d WHERE r.name = 'Ammospermophilus nelsoni' AND d.name = 'Lotstring';
INSERT INTO rooms_have_departments SELECT r.id AS emergency_room_id, d.id AS department_id FROM emergency_rooms AS r, departments AS d WHERE r.name = 'Ammospermophilus nelsoni' AND d.name = 'Regrant';
INSERT INTO rooms_have_departments SELECT r.id AS emergency_room_id, d.id AS department_id FROM emergency_rooms AS r, departments AS d WHERE r.name = 'Alopochen aegyptiacus' AND d.name = 'Cardify';
INSERT INTO rooms_have_departments SELECT r.id AS emergency_room_id, d.id AS department_id FROM emergency_rooms AS r, departments AS d WHERE r.name = 'Alopochen aegyptiacus' AND d.name = 'Zontrax';
INSERT INTO rooms_have_departments SELECT r.id AS emergency_room_id, d.id AS department_id FROM emergency_rooms AS r, departments AS d WHERE r.name = 'Charadrius tricollaris' AND d.name = 'Sonsing';
INSERT INTO rooms_have_departments SELECT r.id AS emergency_room_id, d.id AS department_id FROM emergency_rooms AS r, departments AS d WHERE r.name = 'Arctogalidia trivirgata' AND d.name = 'Voltsillam';
INSERT INTO rooms_have_departments SELECT r.id AS emergency_room_id, d.id AS department_id FROM emergency_rooms AS r, departments AS d WHERE r.name = 'Arctogalidia trivirgata' AND d.name = 'Span';
INSERT INTO rooms_have_departments SELECT r.id AS emergency_room_id, d.id AS department_id FROM emergency_rooms AS r, departments AS d WHERE r.name = 'Zosterops pallidus' AND d.name = 'Trauma Care';
INSERT INTO rooms_have_departments SELECT r.id AS emergency_room_id, d.id AS department_id FROM emergency_rooms AS r, departments AS d WHERE r.name = 'Zosterops pallidus' AND d.name = 'CT';
INSERT INTO rooms_have_departments SELECT r.id AS emergency_room_id, d.id AS department_id FROM emergency_rooms AS r, departments AS d WHERE r.name = 'Felis yagouaroundi' AND d.name = 'Konklab';
INSERT INTO rooms_have_departments SELECT r.id AS emergency_room_id, d.id AS department_id FROM emergency_rooms AS r, departments AS d WHERE r.name = 'Felis yagouaroundi' AND d.name = 'Home Ing';
INSERT INTO rooms_have_departments SELECT r.id AS emergency_room_id, d.id AS department_id FROM emergency_rooms AS r, departments AS d WHERE r.name = 'Bucephala clangula' AND d.name = 'Tempsoft';
INSERT INTO rooms_have_departments SELECT r.id AS emergency_room_id, d.id AS department_id FROM emergency_rooms AS r, departments AS d WHERE r.name = 'Bucephala clangula' AND d.name = 'Alpha';
INSERT INTO rooms_have_departments SELECT r.id AS emergency_room_id, d.id AS department_id FROM emergency_rooms AS r, departments AS d WHERE r.name = 'Bucephala clangula' AND d.name = 'Lotstring';
INSERT INTO rooms_have_departments SELECT r.id AS emergency_room_id, d.id AS department_id FROM emergency_rooms AS r, departments AS d WHERE r.name = 'Pseudalopex gymnocercus' AND d.name = 'Stronghold';
INSERT INTO rooms_have_departments SELECT r.id AS emergency_room_id, d.id AS department_id FROM emergency_rooms AS r, departments AS d WHERE r.name = 'Pseudalopex gymnocercus' AND d.name = 'Span';
INSERT INTO rooms_have_departments SELECT r.id AS emergency_room_id, d.id AS department_id FROM emergency_rooms AS r, departments AS d WHERE r.name = 'Phasianus colchicus' AND d.name = 'Subin';
INSERT INTO rooms_have_departments SELECT r.id AS emergency_room_id, d.id AS department_id FROM emergency_rooms AS r, departments AS d WHERE r.name = 'Phasianus colchicus' AND d.name = 'Veribet';
INSERT INTO rooms_have_departments SELECT r.id AS emergency_room_id, d.id AS department_id FROM emergency_rooms AS r, departments AS d WHERE r.name = 'Morelia spilotes variegata' AND d.name = 'Prodder';
INSERT INTO rooms_have_departments SELECT r.id AS emergency_room_id, d.id AS department_id FROM emergency_rooms AS r, departments AS d WHERE r.name = 'Morelia spilotes variegata' AND d.name = 'Transcof';
INSERT INTO rooms_have_departments SELECT r.id AS emergency_room_id, d.id AS department_id FROM emergency_rooms AS r, departments AS d WHERE r.name = 'Ovibos moschatus' AND d.name = 'Zontrax';
INSERT INTO rooms_have_departments SELECT r.id AS emergency_room_id, d.id AS department_id FROM emergency_rooms AS r, departments AS d WHERE r.name = 'Buteo galapagoensis' AND d.name = 'Greenlam';
INSERT INTO rooms_have_departments SELECT r.id AS emergency_room_id, d.id AS department_id FROM emergency_rooms AS r, departments AS d WHERE r.name = 'Buteo galapagoensis' AND d.name = 'Bigtax';
INSERT INTO rooms_have_departments SELECT r.id AS emergency_room_id, d.id AS department_id FROM emergency_rooms AS r, departments AS d WHERE r.name = 'Canis mesomelas' AND d.name = 'Opela';
INSERT INTO rooms_have_departments SELECT r.id AS emergency_room_id, d.id AS department_id FROM emergency_rooms AS r, departments AS d WHERE r.name = 'Anthropoides paradisea' AND d.name = 'Sonsing';
INSERT INTO rooms_have_departments SELECT r.id AS emergency_room_id, d.id AS department_id FROM emergency_rooms AS r, departments AS d WHERE r.name = 'Sylvicapra grimma' AND d.name = 'Sonsing';
INSERT INTO rooms_have_departments SELECT r.id AS emergency_room_id, d.id AS department_id FROM emergency_rooms AS r, departments AS d WHERE r.name = 'Sylvicapra grimma' AND d.name = 'Regrant';
INSERT INTO rooms_have_departments SELECT r.id AS emergency_room_id, d.id AS department_id FROM emergency_rooms AS r, departments AS d WHERE r.name = 'Bettongia penicillata' AND d.name = 'Y-find';
INSERT INTO rooms_have_departments SELECT r.id AS emergency_room_id, d.id AS department_id FROM emergency_rooms AS r, departments AS d WHERE r.name = 'Bettongia penicillata' AND d.name = 'Konklab';
INSERT INTO rooms_have_departments SELECT r.id AS emergency_room_id, d.id AS department_id FROM emergency_rooms AS r, departments AS d WHERE r.name = 'Sylvilagus floridanus' AND d.name = 'Veribet';
INSERT INTO rooms_have_departments SELECT r.id AS emergency_room_id, d.id AS department_id FROM emergency_rooms AS r, departments AS d WHERE r.name = 'Sylvilagus floridanus' AND d.name = 'Kanlam';
INSERT INTO rooms_have_departments SELECT r.id AS emergency_room_id, d.id AS department_id FROM emergency_rooms AS r, departments AS d WHERE r.name = 'Lamprotornis chalybaeus' AND d.name = 'Greenlam';
INSERT INTO rooms_have_departments SELECT r.id AS emergency_room_id, d.id AS department_id FROM emergency_rooms AS r, departments AS d WHERE r.name = 'Lamprotornis chalybaeus' AND d.name = 'Transcof';
INSERT INTO rooms_have_departments SELECT r.id AS emergency_room_id, d.id AS department_id FROM emergency_rooms AS r, departments AS d WHERE r.name = 'Haematopus ater' AND d.name = 'Greenlam';
INSERT INTO rooms_have_departments SELECT r.id AS emergency_room_id, d.id AS department_id FROM emergency_rooms AS r, departments AS d WHERE r.name = 'Haematopus ater' AND d.name = 'Hatity';
INSERT INTO rooms_have_departments SELECT r.id AS emergency_room_id, d.id AS department_id FROM emergency_rooms AS r, departments AS d WHERE r.name = 'Haematopus ater' AND d.name = 'Opela';
INSERT INTO rooms_have_departments SELECT r.id AS emergency_room_id, d.id AS department_id FROM emergency_rooms AS r, departments AS d WHERE r.name = 'Procyon lotor' AND d.name = 'Subin';
INSERT INTO rooms_have_departments SELECT r.id AS emergency_room_id, d.id AS department_id FROM emergency_rooms AS r, departments AS d WHERE r.name = 'Procyon lotor' AND d.name = 'Keylex';
INSERT INTO rooms_have_departments SELECT r.id AS emergency_room_id, d.id AS department_id FROM emergency_rooms AS r, departments AS d WHERE r.name = 'Procyon lotor' AND d.name = 'Opela';
INSERT INTO rooms_have_departments SELECT r.id AS emergency_room_id, d.id AS department_id FROM emergency_rooms AS r, departments AS d WHERE r.name = 'Turtur chalcospilos' AND d.name = 'Pannier';
INSERT INTO rooms_have_departments SELECT r.id AS emergency_room_id, d.id AS department_id FROM emergency_rooms AS r, departments AS d WHERE r.name = 'Turtur chalcospilos' AND d.name = 'Y-find';
INSERT INTO rooms_have_departments SELECT r.id AS emergency_room_id, d.id AS department_id FROM emergency_rooms AS r, departments AS d WHERE r.name = 'Tursiops truncatus' AND d.name = 'Span';
INSERT INTO rooms_have_departments SELECT r.id AS emergency_room_id, d.id AS department_id FROM emergency_rooms AS r, departments AS d WHERE r.name = 'Tursiops truncatus' AND d.name = 'Transcof';
INSERT INTO rooms_have_departments SELECT r.id AS emergency_room_id, d.id AS department_id FROM emergency_rooms AS r, departments AS d WHERE r.name = 'Eudyptula minor' AND d.name = 'Quo Lux';
INSERT INTO rooms_have_departments SELECT r.id AS emergency_room_id, d.id AS department_id FROM emergency_rooms AS r, departments AS d WHERE r.name = 'Eudyptula minor' AND d.name = 'Konklab';
INSERT INTO rooms_have_departments SELECT r.id AS emergency_room_id, d.id AS department_id FROM emergency_rooms AS r, departments AS d WHERE r.name = 'Eudyptula minor' AND d.name = 'Wrapsafe';
INSERT INTO rooms_have_departments SELECT r.id AS emergency_room_id, d.id AS department_id FROM emergency_rooms AS r, departments AS d WHERE r.name = 'Bos taurus' AND d.name = 'Andalax';
INSERT INTO rooms_have_departments SELECT r.id AS emergency_room_id, d.id AS department_id FROM emergency_rooms AS r, departments AS d WHERE r.name = 'Bos taurus' AND d.name = 'Neurosurgery';
INSERT INTO rooms_have_departments SELECT r.id AS emergency_room_id, d.id AS department_id FROM emergency_rooms AS r, departments AS d WHERE r.name = 'Hippotragus equinus' AND d.name = 'Trauma Care';
INSERT INTO rooms_have_departments SELECT r.id AS emergency_room_id, d.id AS department_id FROM emergency_rooms AS r, departments AS d WHERE r.name = 'Hippotragus equinus' AND d.name = 'Voltsillam';
INSERT INTO rooms_have_departments SELECT r.id AS emergency_room_id, d.id AS department_id FROM emergency_rooms AS r, departments AS d WHERE r.name = 'Hippotragus equinus' AND d.name = 'Hatity';
INSERT INTO rooms_have_departments SELECT r.id AS emergency_room_id, d.id AS department_id FROM emergency_rooms AS r, departments AS d WHERE r.name = 'Snycerus caffer' AND d.name = 'Y-find';
INSERT INTO rooms_have_departments SELECT r.id AS emergency_room_id, d.id AS department_id FROM emergency_rooms AS r, departments AS d WHERE r.name = 'Lorythaixoides concolor' AND d.name = 'Konklab';
INSERT INTO rooms_have_departments SELECT r.id AS emergency_room_id, d.id AS department_id FROM emergency_rooms AS r, departments AS d WHERE r.name = 'Lorythaixoides concolor' AND d.name = 'Stringtough';
INSERT INTO rooms_have_departments SELECT r.id AS emergency_room_id, d.id AS department_id FROM emergency_rooms AS r, departments AS d WHERE r.name = 'Lorythaixoides concolor' AND d.name = 'Quo Lux';
INSERT INTO rooms_have_departments SELECT r.id AS emergency_room_id, d.id AS department_id FROM emergency_rooms AS r, departments AS d WHERE r.name = 'Lasiorhinus latifrons' AND d.name = 'Alpha';
INSERT INTO rooms_have_departments SELECT r.id AS emergency_room_id, d.id AS department_id FROM emergency_rooms AS r, departments AS d WHERE r.name = 'Cervus duvauceli' AND d.name = 'Namfix';
INSERT INTO rooms_have_departments SELECT r.id AS emergency_room_id, d.id AS department_id FROM emergency_rooms AS r, departments AS d WHERE r.name = 'Cervus duvauceli' AND d.name = 'Fixflex';
INSERT INTO rooms_have_departments SELECT r.id AS emergency_room_id, d.id AS department_id FROM emergency_rooms AS r, departments AS d WHERE r.name = 'Diomedea irrorata' AND d.name = 'Vagram';
INSERT INTO rooms_have_departments SELECT r.id AS emergency_room_id, d.id AS department_id FROM emergency_rooms AS r, departments AS d WHERE r.name = 'Diomedea irrorata' AND d.name = 'Quo Lux';
INSERT INTO rooms_have_departments SELECT r.id AS emergency_room_id, d.id AS department_id FROM emergency_rooms AS r, departments AS d WHERE r.name = 'Ictalurus furcatus' AND d.name = 'Stringtough';
INSERT INTO rooms_have_departments SELECT r.id AS emergency_room_id, d.id AS department_id FROM emergency_rooms AS r, departments AS d WHERE r.name = 'Ictalurus furcatus' AND d.name = 'Prodder';
INSERT INTO rooms_have_departments SELECT r.id AS emergency_room_id, d.id AS department_id FROM emergency_rooms AS r, departments AS d WHERE r.name = 'Drymarchon corias couperi' AND d.name = 'Namfix';
INSERT INTO rooms_have_departments SELECT r.id AS emergency_room_id, d.id AS department_id FROM emergency_rooms AS r, departments AS d WHERE r.name = 'Drymarchon corias couperi' AND d.name = 'Bamity';
INSERT INTO rooms_have_departments SELECT r.id AS emergency_room_id, d.id AS department_id FROM emergency_rooms AS r, departments AS d WHERE r.name = 'Erethizon dorsatum' AND d.name = 'Kanlam';
INSERT INTO rooms_have_departments SELECT r.id AS emergency_room_id, d.id AS department_id FROM emergency_rooms AS r, departments AS d WHERE r.name = 'Toxostoma curvirostre' AND d.name = 'Vagram';
INSERT INTO rooms_have_departments SELECT r.id AS emergency_room_id, d.id AS department_id FROM emergency_rooms AS r, departments AS d WHERE r.name = 'Felis concolor' AND d.name = 'Hatity';
INSERT INTO rooms_have_departments SELECT r.id AS emergency_room_id, d.id AS department_id FROM emergency_rooms AS r, departments AS d WHERE r.name = 'Gymnorhina tibicen' AND d.name = 'Tempsoft';
INSERT INTO rooms_have_departments SELECT r.id AS emergency_room_id, d.id AS department_id FROM emergency_rooms AS r, departments AS d WHERE r.name = 'Gymnorhina tibicen' AND d.name = 'Tampflex';
INSERT INTO rooms_have_departments SELECT r.id AS emergency_room_id, d.id AS department_id FROM emergency_rooms AS r, departments AS d WHERE r.name = 'Gymnorhina tibicen' AND d.name = 'Lotstring';
INSERT INTO rooms_have_departments SELECT r.id AS emergency_room_id, d.id AS department_id FROM emergency_rooms AS r, departments AS d WHERE r.name = 'Tockus flavirostris' AND d.name = 'Bigtax';
INSERT INTO rooms_have_departments SELECT r.id AS emergency_room_id, d.id AS department_id FROM emergency_rooms AS r, departments AS d WHERE r.name = 'Tockus flavirostris' AND d.name = 'Bamity';
INSERT INTO rooms_have_departments SELECT r.id AS emergency_room_id, d.id AS department_id FROM emergency_rooms AS r, departments AS d WHERE r.name = 'Tockus flavirostris' AND d.name = 'Y-find';
INSERT INTO rooms_have_departments SELECT r.id AS emergency_room_id, d.id AS department_id FROM emergency_rooms AS r, departments AS d WHERE r.name = 'Ramphastos tucanus' AND d.name = 'Stronghold';
INSERT INTO rooms_have_departments SELECT r.id AS emergency_room_id, d.id AS department_id FROM emergency_rooms AS r, departments AS d WHERE r.name = 'Ramphastos tucanus' AND d.name = 'Vagram';
INSERT INTO rooms_have_departments SELECT r.id AS emergency_room_id, d.id AS department_id FROM emergency_rooms AS r, departments AS d WHERE r.name = 'Phalacrocorax carbo' AND d.name = 'Sonsing';
INSERT INTO rooms_have_departments SELECT r.id AS emergency_room_id, d.id AS department_id FROM emergency_rooms AS r, departments AS d WHERE r.name = 'Phalacrocorax carbo' AND d.name = 'Home Ing';
INSERT INTO rooms_have_departments SELECT r.id AS emergency_room_id, d.id AS department_id FROM emergency_rooms AS r, departments AS d WHERE r.name = 'Phalacrocorax carbo' AND d.name = 'Alpha';
INSERT INTO rooms_have_departments SELECT r.id AS emergency_room_id, d.id AS department_id FROM emergency_rooms AS r, departments AS d WHERE r.name = 'Streptopelia senegalensis' AND d.name = 'Alpha';
INSERT INTO rooms_have_departments SELECT r.id AS emergency_room_id, d.id AS department_id FROM emergency_rooms AS r, departments AS d WHERE r.name = 'Streptopelia senegalensis' AND d.name = 'Y-find';
INSERT INTO rooms_have_departments SELECT r.id AS emergency_room_id, d.id AS department_id FROM emergency_rooms AS r, departments AS d WHERE r.name = 'Acrobates pygmaeus' AND d.name = 'Stringtough';
INSERT INTO rooms_have_departments SELECT r.id AS emergency_room_id, d.id AS department_id FROM emergency_rooms AS r, departments AS d WHERE r.name = 'Acrobates pygmaeus' AND d.name = 'Job';
INSERT INTO rooms_have_departments SELECT r.id AS emergency_room_id, d.id AS department_id FROM emergency_rooms AS r, departments AS d WHERE r.name = 'Phalacrocorax brasilianus' AND d.name = 'Prodder';
INSERT INTO rooms_have_departments SELECT r.id AS emergency_room_id, d.id AS department_id FROM emergency_rooms AS r, departments AS d WHERE r.name = 'Phalacrocorax brasilianus' AND d.name = 'Neurosurgery';
INSERT INTO rooms_have_departments SELECT r.id AS emergency_room_id, d.id AS department_id FROM emergency_rooms AS r, departments AS d WHERE r.name = 'Plegadis falcinellus' AND d.name = 'Hatity';
INSERT INTO rooms_have_departments SELECT r.id AS emergency_room_id, d.id AS department_id FROM emergency_rooms AS r, departments AS d WHERE r.name = 'Plegadis falcinellus' AND d.name = 'Pannier';
INSERT INTO rooms_have_departments SELECT r.id AS emergency_room_id, d.id AS department_id FROM emergency_rooms AS r, departments AS d WHERE r.name = 'Plegadis falcinellus' AND d.name = 'Andalax';
INSERT INTO rooms_have_departments SELECT r.id AS emergency_room_id, d.id AS department_id FROM emergency_rooms AS r, departments AS d WHERE r.name = 'Coluber constrictor' AND d.name = 'Stringtough';
INSERT INTO rooms_have_departments SELECT r.id AS emergency_room_id, d.id AS department_id FROM emergency_rooms AS r, departments AS d WHERE r.name = 'Coluber constrictor' AND d.name = 'Kanlam';
INSERT INTO rooms_have_departments SELECT r.id AS emergency_room_id, d.id AS department_id FROM emergency_rooms AS r, departments AS d WHERE r.name = 'Crotalus cerastes' AND d.name = 'Bamity';
INSERT INTO rooms_have_departments SELECT r.id AS emergency_room_id, d.id AS department_id FROM emergency_rooms AS r, departments AS d WHERE r.name = 'Crotalus cerastes' AND d.name = 'Span';
INSERT INTO rooms_have_departments SELECT r.id AS emergency_room_id, d.id AS department_id FROM emergency_rooms AS r, departments AS d WHERE r.name = 'Crotalus cerastes' AND d.name = 'Stringtough';
INSERT INTO rooms_have_departments SELECT r.id AS emergency_room_id, d.id AS department_id FROM emergency_rooms AS r, departments AS d WHERE r.name = 'Orcinus orca' AND d.name = 'Biodex';
